<?xml version="1.0" encoding="ISO-8859-1"?>
<!--
  ~  Copyright (c) 2005-2010, WSO2 Inc. (http://wso2.com) All Rights Reserved.
  ~
  ~  WSO2 Inc. licenses this file to you under the Apache License,
  ~  Version 2.0 (the "License"); you may not use this file except
  ~  in compliance with the License.
  ~  You may obtain a copy of the License at
  ~
  ~    http://www.apache.org/licenses/LICENSE-2.0
  ~
  ~  Unless required by applicable law or agreed to in writing,
  ~  software distributed under the License is distributed on an
  ~  "AS IS" BASIS, WITHOUT WARRANTIES OR CONDITIONS OF ANY
  ~  KIND, either express or implied.  See the License for the
  ~  specific language governing permissions and limitations
  ~  under the License.
  -->

<!-- Default main sequence shipped with the WSO2 ESB -->
<sequence xmlns="http://ws.apache.org/ns/synapse" name="main">
    <property name="HTTP_SC" value="403" scope="axis2"/>
    <payloadFactory>
       <format>
	  <error>Invalid request</error>
       </format>
    </payloadFactory>
    <property name="RESPONSE" value="true"/>
    <header name="To" action="remove"/>
    <property name="NO_ENTITY_BODY" scope="axis2" action="remove"/>
    <send/>
</sequence>
